Timestamp UTC,Camera RMS dBFS,Adjusted reference level
2026-09-27T03:57:02.148+00:00,-68.54,57.2
2026-09-27T03:57:03.135+00:00,-69.12,56.4
2026-09-27T03:57:04.129+00:00,-68.72,57.0
2026-09-27T03:57:05.157+00:00,-67.2,59.1
2026-09-27T03:57:06.141+00:00,-66.88,59.6
2026-09-27T03:57:07.165+00:00,-66.71,59.8
2026-09-27T03:57:08.112+00:00,-65.17,62.0
2026-09-27T03:57:09.077+00:00,-65.93,60.9
2026-09-27T03:57:10.167+00:00,-67.87,58.2
2026-09-27T03:57:11.125+00:00,-68.12,57.8
2026-09-27T03:57:12.066+00:00,-68.87,56.8
2026-09-27T03:57:13.181+00:00,-69.09,56.4
2026-09-27T03:57:14.102+00:00,-69.39,56.0
2026-09-27T03:57:15.150+00:00,-69.7,55.5
2026-09-27T03:57:16.190+00:00,-68.33,57.5
2026-09-27T03:57:17.049+00:00,-66.76,59.8
2026-09-27T03:57:18.173+00:00,-66.58,60.1
2026-09-27T03:57:19.167+00:00,-60.69,68.2
2026-09-27T03:57:20.086+00:00,-63.51,64.3
2026-09-27T03:57:21.089+00:00,-54.02,77.7
2026-09-27T03:57:22.114+00:00,-58.16,71.9
2026-09-27T03:57:23.153+00:00,-61.66,67.0
2026-09-27T03:57:24.112+00:00,-54.64,76.9
2026-09-27T03:57:25.059+00:00,-55.88,75.2
2026-09-27T03:57:26.212+00:00,-57.06,73.5
2026-09-27T03:57:27.150+00:00,-50.29,82.9
2026-09-27T03:57:28.069+00:00,-57.42,72.9
2026-09-27T03:57:29.150+00:00,-55.27,76.0
2026-09-27T03:57:30.116+00:00,-54.31,77.3
2026-09-27T03:57:31.142+00:00,-61.51,67.1
2026-09-27T03:57:32.118+00:00,-65.38,61.8
2026-09-27T03:57:33.134+00:00,-59.16,70.5
2026-09-27T03:57:34.159+00:00,-45.01,90.4
2026-09-27T03:57:35.122+00:00,-55.15,76.2
2026-09-27T03:57:36.255+00:00,-49.66,83.9
2026-09-27T03:57:37.154+00:00,-47.88,86.5
2026-09-27T03:57:38.157+00:00,-46.91,87.7
2026-09-27T03:57:39.104+00:00,-42.28,94.4
2026-09-27T03:57:40.136+00:00,-43.68,92.4
2026-09-27T03:57:41.101+00:00,-43.51,92.5
2026-09-27T03:57:42.167+00:00,-53.99,77.7
2026-09-27T03:57:43.118+00:00,-58.56,71.4
2026-09-27T03:57:44.112+00:00,-65.29,61.8
2026-09-27T03:57:45.094+00:00,-62.59,65.6
2026-09-27T03:57:46.117+00:00,-62.38,66.0
2026-09-27T03:57:47.178+00:00,-62.74,65.4
2026-09-27T03:57:48.146+00:00,-63.56,64.3
2026-09-27T03:57:49.071+00:00,-60.88,68.1
2026-09-27T03:57:50.138+00:00,-63.29,64.6
2026-09-27T03:57:51.106+00:00,-63.55,64.3
2026-09-27T03:57:52.123+00:00,-62.1,66.3
2026-09-27T03:57:53.150+00:00,-63.1,64.9
2026-09-27T03:57:54.186+00:00,-65.67,61.3
2026-09-27T03:57:55.157+00:00,-64.29,63.2
2026-09-27T03:57:56.124+00:00,-62.4,65.8
2026-09-27T03:57:57.062+00:00,-51.54,81.2
2026-09-27T03:57:58.175+00:00,-42.33,94.2
2026-09-27T03:57:59.105+00:00,-46.01,89.0
2026-09-27T03:58:00.089+00:00,-39.49,98.2
2026-09-27T03:58:01.149+00:00,-48.02,86.2
2026-09-27T03:58:02.127+00:00,-60.33,68.8
2026-09-27T03:58:03.188+00:00,-43.03,93.2
2026-09-27T03:58:04.124+00:00,-43.92,92.0
2026-09-27T03:58:05.080+00:00,-48.02,86.2
2026-09-27T03:58:06.104+00:00,-56.81,73.8
2026-09-27T03:58:07.122+00:00,-66.44,60.2
2026-09-27T03:58:08.063+00:00,-67.09,59.2
2026-09-27T03:58:09.186+00:00,-53.99,77.7
2026-09-27T03:58:10.174+00:00,-49.43,84.2
2026-09-27T03:58:11.169+00:00,-50.84,82.2
2026-09-27T03:58:12.110+00:00,-58.15,71.9
2026-09-27T03:58:13.023+00:00,-55.16,76.2
2026-09-27T03:58:14.173+00:00,-57.38,73.0
2026-09-27T03:58:15.176+00:00,-59.64,69.8
2026-09-27T03:58:16.189+00:00,-61.82,66.7
2026-09-27T03:58:17.174+00:00,-63.84,63.9
2026-09-27T03:58:18.136+00:00,-65.2,61.9
2026-09-27T03:58:19.167+00:00,-65.85,61.0
2026-09-27T03:58:20.148+00:00,-67.49,58.8
2026-09-27T03:58:21.058+00:00,-61.32,67.4
2026-09-27T03:58:22.162+00:00,-63.12,64.9
2026-09-27T03:58:23.123+00:00,-25.92,117.4
2026-09-27T03:58:24.127+00:00,-24.46,119.5
2026-09-27T03:58:25.101+00:00,-22.35,122.5
2026-09-27T03:58:26.239+00:00,-22.85,121.8
2026-09-27T03:58:27.150+00:00,-20.91,124.4
2026-09-27T03:58:28.143+00:00,-22.33,122.5
2026-09-27T03:58:29.073+00:00,-27.42,115.3
2026-09-27T03:58:30.177+00:00,-26.36,116.8
2026-09-27T03:58:31.156+00:00,-29.58,112.3
2026-09-27T03:58:32.060+00:00,-28.74,113.4
2026-09-27T03:58:33.173+00:00,-25.66,117.8
2026-09-27T03:58:34.146+00:00,-29.6,112.2
2026-09-27T03:58:35.159+00:00,-28.04,114.4
2026-09-27T03:58:36.154+00:00,-22.79,121.9
2026-09-27T03:58:37.075+00:00,-20.0,125.7
2026-09-27T03:58:38.106+00:00,-20.26,125.4
2026-09-27T03:58:39.134+00:00,-20.38,125.3
2026-09-27T03:58:40.081+00:00,-28.91,113.1
2026-09-27T03:58:41.124+00:00,-24.05,120.1
2026-09-27T03:58:42.163+00:00,-26.74,116.3
2026-09-27T03:58:43.123+00:00,-27.78,114.8
2026-09-27T03:58:44.093+00:00,-28.53,113.7
2026-09-27T03:58:45.061+00:00,-25.72,117.7
2026-09-27T03:58:46.116+00:00,-32.88,107.6
2026-09-27T03:58:47.095+00:00,-25.77,117.7
2026-09-27T03:58:48.059+00:00,-27.27,115.5
2026-09-27T03:58:49.071+00:00,-25.28,118.4
2026-09-27T03:58:50.136+00:00,-24.56,119.4
2026-09-27T03:58:51.116+00:00,-23.34,121.1
2026-09-27T03:58:52.101+00:00,-26.7,116.3
2026-09-27T03:58:53.129+00:00,-24.63,119.2
2026-09-27T03:58:54.076+00:00,-25.97,117.4
2026-09-27T03:58:55.168+00:00,-25.28,118.4
2026-09-27T03:58:56.281+00:00,-25.61,117.8
2026-09-27T03:58:57.096+00:00,-27.94,114.6
2026-09-27T03:58:58.131+00:00,-26.61,116.4
2026-09-27T03:58:59.120+00:00,-25.18,118.5
2026-09-27T03:59:00.065+00:00,-27.36,115.4
2026-09-27T03:59:01.113+00:00,-24.82,118.9
2026-09-27T03:59:02.158+00:00,-21.67,123.5
2026-09-27T03:59:03.157+00:00,-18.89,127.3
2026-09-27T03:59:04.072+00:00,-24.09,119.9
2026-09-27T03:59:05.069+00:00,-26.11,117.1
2026-09-27T03:59:06.177+00:00,-25.87,117.5
2026-09-27T03:59:07.124+00:00,-31.3,109.8
2026-09-27T03:59:08.067+00:00,-32.65,107.9
2026-09-27T03:59:09.118+00:00,-23.98,120.2
2026-09-27T03:59:10.075+00:00,-24.2,119.8
2026-09-27T03:59:11.141+00:00,-25.13,118.5
2026-09-27T03:59:12.101+00:00,-30.6,110.7
2026-09-27T03:59:13.092+00:00,-25.01,118.7
2026-09-27T03:59:14.152+00:00,-24.74,119.1
2026-09-27T03:59:15.108+00:00,-34.11,105.8
2026-09-27T03:59:16.217+00:00,-19.81,126.0
2026-09-27T03:59:17.124+00:00,-31.51,109.5
2026-09-27T03:59:18.092+00:00,-25.33,118.2
2026-09-27T03:59:19.115+00:00,-24.82,118.9
2026-09-27T03:59:20.106+00:00,-31.5,109.5
2026-09-27T03:59:21.067+00:00,-28.5,113.7
2026-09-27T03:59:22.162+00:00,-22.65,122.0
2026-09-27T03:59:23.089+00:00,-23.11,121.3
2026-09-27T03:59:24.100+00:00,-25.18,118.5
2026-09-27T03:59:25.068+00:00,-21.55,123.6
2026-09-27T03:59:26.078+00:00,-20.47,125.2
2026-09-27T03:59:27.130+00:00,-21.11,124.2
2026-09-27T03:59:28.073+00:00,-28.06,114.4
2026-09-27T03:59:29.123+00:00,-29.26,112.7
2026-09-27T03:59:30.164+00:00,-20.8,124.6
2026-09-27T03:59:31.068+00:00,-19.66,126.3
2026-09-27T03:59:32.116+00:00,-26.56,116.5
2026-09-27T03:59:33.070+00:00,-27.8,114.7
2026-09-27T03:59:34.085+00:00,-22.01,122.9
2026-09-27T03:59:35.180+00:00,-28.39,113.9
2026-09-27T03:59:36.087+00:00,-27.55,115.1
2026-09-27T03:59:37.099+00:00,-26.58,116.5
2026-09-27T03:59:38.191+00:00,-29.54,112.3
2026-09-27T03:59:39.080+00:00,-22.03,122.9
2026-09-27T03:59:40.118+00:00,-27.62,115.0
2026-09-27T03:59:41.077+00:00,-27.6,115.0
2026-09-27T03:59:42.111+00:00,-21.59,123.5
2026-09-27T03:59:43.133+00:00,-23.35,121.1
2026-09-27T03:59:44.079+00:00,-25.04,118.7
2026-09-27T03:59:45.072+00:00,-28.28,114.1
2026-09-27T03:59:46.110+00:00,-30.22,111.3
2026-09-27T03:59:47.120+00:00,-22.12,122.8
2026-09-27T03:59:48.098+00:00,-25.16,118.5
2026-09-27T03:59:49.118+00:00,-29.64,112.2
2026-09-27T03:59:50.098+00:00,-25.0,118.7
2026-09-27T03:59:51.113+00:00,-21.14,124.2
2026-09-27T03:59:52.077+00:00,-18.47,128.0
2026-09-27T03:59:53.077+00:00,-21.62,123.5
2026-09-27T03:59:54.176+00:00,-22.47,122.3
2026-09-27T03:59:55.090+00:00,-23.39,120.9
2026-09-27T03:59:56.148+00:00,-26.07,117.2
2026-09-27T03:59:57.126+00:00,-22.29,122.6
2026-09-27T03:59:58.062+00:00,-23.47,120.9
2026-09-27T03:59:59.186+00:00,-25.58,118.0
2026-09-27T04:00:00.040+00:00,-23.92,120.2
2026-09-27T04:00:01.087+00:00,-21.09,124.2
2026-09-27T04:00:02.102+00:00,-18.63,127.7
2026-09-27T04:00:03.096+00:00,-21.68,123.5
2026-09-27T04:00:04.120+00:00,-21.15,124.2
2026-09-27T04:00:05.112+00:00,-23.11,121.3
2026-09-27T04:00:06.069+00:00,-27.55,115.1
2026-09-27T04:00:07.169+00:00,-22.55,122.2
2026-09-27T04:00:08.139+00:00,-23.81,120.4
2026-09-27T04:00:09.102+00:00,-23.81,120.4
2026-09-27T04:00:10.121+00:00,-20.39,125.2
2026-09-27T04:00:11.081+00:00,-24.96,118.8
2026-09-27T04:00:12.121+00:00,-23.25,121.2
2026-09-27T04:00:13.031+00:00,-26.55,116.5
2026-09-27T04:00:14.130+00:00,-33.14,107.2
2026-09-27T04:00:15.106+00:00,-27.31,115.4
2026-09-27T04:00:16.056+00:00,-28.11,114.3
2026-09-27T04:00:17.121+00:00,-25.1,118.5
2026-09-27T04:00:18.102+00:00,-25.63,117.8
2026-09-27T04:00:19.091+00:00,-23.87,120.4
2026-09-27T04:00:20.111+00:00,-21.69,123.3
2026-09-27T04:00:21.054+00:00,-22.21,122.6
2026-09-27T04:00:22.099+00:00,-20.58,125.0
2026-09-27T04:00:23.147+00:00,-19.52,126.4
2026-09-27T04:00:24.131+00:00,-21.22,124.0
2026-09-27T04:00:25.112+00:00,-28.84,113.3
2026-09-27T04:00:26.150+00:00,-20.07,125.7
2026-09-27T04:00:27.111+00:00,-22.67,122.0
2026-09-27T04:00:28.082+00:00,-23.29,121.2
2026-09-27T04:00:29.041+00:00,-26.04,117.2
2026-09-27T04:00:30.058+00:00,-23.92,120.2
2026-09-27T04:00:31.151+00:00,-24.15,119.9
2026-09-27T04:00:32.073+00:00,-26.62,116.4
2026-09-27T04:00:33.096+00:00,-23.65,120.6
2026-09-27T04:00:34.158+00:00,-21.03,124.3
2026-09-27T04:00:35.123+00:00,-23.78,120.5
2026-09-27T04:00:36.067+00:00,-25.31,118.2
2026-09-27T04:00:37.083+00:00,-27.91,114.6
2026-09-27T04:00:38.125+00:00,-24.22,119.8
2026-09-27T04:00:39.167+00:00,-24.53,119.4
2026-09-27T04:00:40.114+00:00,-25.37,118.2
2026-09-27T04:00:41.082+00:00,-24.92,118.8
2026-09-27T04:00:42.164+00:00,-23.73,120.5
2026-09-27T04:00:43.071+00:00,-25.04,118.7
2026-09-27T04:00:44.086+00:00,-25.5,118.0
2026-09-27T04:00:45.085+00:00,-22.71,121.9
2026-09-27T04:00:46.134+00:00,-20.8,124.6
2026-09-27T04:00:47.160+00:00,-28.2,114.1
2026-09-27T04:00:48.078+00:00,-22.93,121.6
2026-09-27T04:00:49.088+00:00,-27.93,114.6
2026-09-27T04:00:50.110+00:00,-25.7,117.7
2026-09-27T04:00:51.068+00:00,-22.74,121.9
2026-09-27T04:00:52.080+00:00,-20.46,125.2
2026-09-27T04:00:53.037+00:00,-22.76,121.9
2026-09-27T04:00:54.069+00:00,-20.69,124.7
2026-09-27T04:00:55.180+00:00,-20.13,125.6
2026-09-27T04:00:56.091+00:00,-19.9,125.9
2026-09-27T04:00:57.096+00:00,-19.63,126.3
2026-09-27T04:00:58.113+00:00,-21.23,124.0
2026-09-27T04:00:59.114+00:00,-24.64,119.2
2026-09-27T04:01:00.112+00:00,-25.64,117.8
2026-09-27T04:01:01.081+00:00,-23.63,120.6
2026-09-27T04:01:02.058+00:00,-25.85,117.5
2026-09-27T04:01:03.154+00:00,-24.09,119.9
2026-09-27T04:01:04.082+00:00,-26.07,117.2
2026-09-27T04:01:05.119+00:00,-23.87,120.4
2026-09-27T04:01:06.117+00:00,-28.39,113.9
2026-09-27T04:01:07.104+00:00,-31.37,109.8
2026-09-27T04:01:08.110+00:00,-20.17,125.6
2026-09-27T04:01:09.033+00:00,-28.38,114.0
2026-09-27T04:01:10.105+00:00,-27.83,114.7
2026-09-27T04:01:11.111+00:00,-23.04,121.5
2026-09-27T04:01:12.080+00:00,-20.13,125.6
2026-09-27T04:01:13.065+00:00,-31.24,109.9
2026-09-27T04:01:14.167+00:00,-24.6,119.2
2026-09-27T04:01:15.081+00:00,-26.16,117.1
2026-09-27T04:01:16.073+00:00,-24.42,119.5
2026-09-27T04:01:17.026+00:00,-24.63,119.2
2026-09-27T04:01:18.056+00:00,-27.39,115.3
2026-09-27T04:01:19.139+00:00,-22.54,122.2
2026-09-27T04:01:20.076+00:00,-21.71,123.3
2026-09-27T04:01:21.086+00:00,-29.73,112.0
2026-09-27T04:01:22.173+00:00,-26.69,116.3
2026-09-27T04:01:23.105+00:00,-25.35,118.2
2026-09-27T04:01:24.082+00:00,-31.56,109.5
2026-09-27T04:01:25.100+00:00,-26.41,116.7
2026-09-27T04:01:26.078+00:00,-24.99,118.8
2026-09-27T04:01:27.176+00:00,-29.08,113.0
2026-09-27T04:01:28.108+00:00,-21.86,123.2
2026-09-27T04:01:29.072+00:00,-22.3,122.5
2026-09-27T04:01:30.123+00:00,-26.83,116.1
2026-09-27T04:01:31.097+00:00,-19.74,126.1
2026-09-27T04:01:32.136+00:00,-21.34,123.9
2026-09-27T04:01:33.072+00:00,-21.04,124.3
2026-09-27T04:01:34.105+00:00,-22.66,122.0
2026-09-27T04:01:35.185+00:00,-24.58,119.4
2026-09-27T04:01:36.071+00:00,-26.29,117.0
2026-09-27T04:01:37.076+00:00,-26.22,117.0
2026-09-27T04:01:38.125+00:00,-21.59,123.5
2026-09-27T04:01:39.124+00:00,-26.88,116.1
2026-09-27T04:01:40.131+00:00,-27.13,115.7
2026-09-27T04:01:41.121+00:00,-19.91,125.9
2026-09-27T04:01:42.085+00:00,-33.67,106.5
2026-09-27T04:01:43.194+00:00,-22.96,121.6
2026-09-27T04:01:44.028+00:00,-19.99,125.9
2026-09-27T04:01:45.060+00:00,-21.42,123.7
2026-09-27T04:01:46.129+00:00,-22.24,122.6
2026-09-27T04:01:47.086+00:00,-22.2,122.6
2026-09-27T04:01:48.102+00:00,-19.82,126.0
2026-09-27T04:01:49.070+00:00,-19.06,127.1
2026-09-27T04:01:50.090+00:00,-22.22,122.6
2026-09-27T04:01:51.157+00:00,-22.65,122.0
2026-09-27T04:01:52.083+00:00,-26.1,117.1
2026-09-27T04:01:53.118+00:00,-23.21,121.2
2026-09-27T04:01:54.164+00:00,-25.83,117.5
2026-09-27T04:01:55.089+00:00,-23.14,121.3
2026-09-27T04:01:56.072+00:00,-19.87,126.0
2026-09-27T04:01:57.083+00:00,-18.71,127.6
2026-09-27T04:01:58.085+00:00,-19.34,126.7
2026-09-27T04:01:59.133+00:00,-23.61,120.6
2026-09-27T04:02:00.043+00:00,-21.06,124.3
2026-09-27T04:02:01.083+00:00,-19.38,126.7
2026-09-27T04:02:02.156+00:00,-21.86,123.2
2026-09-27T04:02:03.082+00:00,-24.11,119.9
2026-09-27T04:02:04.086+00:00,-25.5,118.0
2026-09-27T04:02:05.049+00:00,-25.64,117.8
2026-09-27T04:02:06.138+00:00,-22.2,122.6
2026-09-27T04:02:07.138+00:00,-31.75,109.2
2026-09-27T04:02:08.058+00:00,-32.17,108.6
2026-09-27T04:02:09.071+00:00,-31.31,109.8
2026-09-27T04:02:10.148+00:00,-32.22,108.5
2026-09-27T04:02:11.086+00:00,-23.62,120.6
2026-09-27T04:02:12.084+00:00,-22.23,122.6
2026-09-27T04:02:13.065+00:00,-20.3,125.3
2026-09-27T04:02:14.080+00:00,-22.64,122.0
2026-09-27T04:02:15.126+00:00,-20.49,125.2
2026-09-27T04:02:16.099+00:00,-18.43,128.0
2026-09-27T04:02:17.129+00:00,-19.47,126.6
2026-09-27T04:02:18.150+00:00,-23.2,121.2
2026-09-27T04:02:19.093+00:00,-23.42,120.9
2026-09-27T04:02:20.093+00:00,-26.06,117.2
2026-09-27T04:02:21.132+00:00,-24.39,119.5
2026-09-27T04:02:22.070+00:00,-31.39,109.6
2026-09-27T04:02:23.167+00:00,-21.29,124.0
2026-09-27T04:02:24.044+00:00,-20.6,124.9
2026-09-27T04:02:25.090+00:00,-24.07,120.1
2026-09-27T04:02:26.131+00:00,-20.35,125.3
2026-09-27T04:02:27.106+00:00,-24.54,119.4
2026-09-27T04:02:28.097+00:00,-26.45,116.7
2026-09-27T04:02:29.112+00:00,-23.36,121.1
2026-09-27T04:02:30.110+00:00,-24.02,120.1
2026-09-27T04:02:31.093+00:00,-26.42,116.7
2026-09-27T04:02:32.074+00:00,-22.73,121.9
2026-09-27T04:02:33.129+00:00,-24.63,119.2
2026-09-27T04:02:34.142+00:00,-23.63,120.6
2026-09-27T04:02:35.103+00:00,-26.98,116.0
2026-09-27T04:02:36.086+00:00,-23.95,120.2
2026-09-27T04:02:37.116+00:00,-21.33,123.9
2026-09-27T04:02:38.119+00:00,-23.73,120.5
2026-09-27T04:02:39.155+00:00,-27.84,114.7
2026-09-27T04:02:40.100+00:00,-26.81,116.1
2026-09-27T04:02:41.054+00:00,-27.38,115.4
2026-09-27T04:02:42.169+00:00,-21.73,123.3
2026-09-27T04:02:43.079+00:00,-22.63,122.0
2026-09-27T04:02:44.105+00:00,-27.89,114.6
2026-09-27T04:02:45.053+00:00,-23.06,121.5
2026-09-27T04:02:46.068+00:00,-23.37,121.1
2026-09-27T04:02:47.123+00:00,-28.14,114.3
2026-09-27T04:02:48.071+00:00,-31.81,109.1
2026-09-27T04:02:49.135+00:00,-23.48,120.9
2026-09-27T04:02:50.163+00:00,-27.11,115.7
2026-09-27T04:02:51.070+00:00,-30.13,111.5
2026-09-27T04:02:52.072+00:00,-26.28,117.0
2026-09-27T04:02:53.123+00:00,-26.79,116.3
2026-09-27T04:02:54.070+00:00,-30.72,110.6
2026-09-27T04:02:55.156+00:00,-37.27,101.4
2026-09-27T04:02:56.066+00:00,-36.62,102.3
2026-09-27T04:02:57.082+00:00,-39.88,97.8
2026-09-27T04:02:58.120+00:00,-43.04,93.2
2026-09-27T04:02:59.105+00:00,-55.58,75.6
2026-09-27T04:03:00.081+00:00,-59.11,70.5
2026-09-27T04:03:01.054+00:00,-60.88,68.1
2026-09-27T04:03:02.092+00:00,-57.25,73.2
2026-09-27T04:03:03.180+00:00,-57.7,72.5
2026-09-27T04:03:04.106+00:00,-57.99,72.1
2026-09-27T04:03:05.074+00:00,-49.38,84.3
2026-09-27T04:03:06.146+00:00,-55.76,75.3
2026-09-27T04:03:07.134+00:00,-55.49,75.6
2026-09-27T04:03:08.086+00:00,-57.17,73.3
2026-09-27T04:03:09.080+00:00,-57.36,73.0
2026-09-27T04:03:10.084+00:00,-51.04,81.9
2026-09-27T04:03:11.138+00:00,-47.93,86.3
2026-09-27T04:03:12.043+00:00,-61.26,67.5
2026-09-27T04:03:13.072+00:00,-63.94,63.7
2026-09-27T04:03:14.158+00:00,-65.83,61.0
2026-09-27T04:03:15.145+00:00,-65.72,61.2
2026-09-27T04:03:16.122+00:00,-64.51,62.9
2026-09-27T04:03:17.095+00:00,-64.36,63.2
2026-09-27T04:03:18.067+00:00,-65.98,60.9
2026-09-27T04:03:19.183+00:00,-65.59,61.3
2026-09-27T04:03:20.107+00:00,-65.07,62.2
2026-09-27T04:03:21.072+00:00,-62.49,65.7
2026-09-27T04:03:22.119+00:00,-62.16,66.3
2026-09-27T04:03:23.142+00:00,-59.63,69.8
2026-09-27T04:03:24.098+00:00,-66.22,60.5
2026-09-27T04:03:25.123+00:00,-57.18,73.3
2026-09-27T04:03:26.070+00:00,-56.26,74.6
2026-09-27T04:03:27.125+00:00,-51.25,81.7
2026-09-27T04:03:28.029+00:00,-52.57,79.8
2026-09-27T04:03:29.096+00:00,-48.04,86.2
2026-09-27T04:03:30.102+00:00,-50.74,82.4
2026-09-27T04:03:31.098+00:00,-45.03,90.4
2026-09-27T04:03:32.117+00:00,-51.4,81.4
2026-09-27T04:03:33.073+00:00,-41.11,95.9
2026-09-27T04:03:34.073+00:00,-45.25,90.1
2026-09-27T04:03:35.187+00:00,-58.65,71.2
2026-09-27T04:03:36.081+00:00,-57.5,72.8
2026-09-27T04:03:37.115+00:00,-52.04,80.5
2026-09-27T04:03:38.152+00:00,-51.59,81.1
2026-09-27T04:03:39.114+00:00,-53.44,78.6
2026-09-27T04:03:40.127+00:00,-54.67,76.9
2026-09-27T04:03:41.122+00:00,-56.33,74.5
2026-09-27T04:03:42.068+00:00,-60.12,69.1
2026-09-27T04:03:43.181+00:00,-51.61,81.1
2026-09-27T04:03:44.037+00:00,-47.3,87.2
2026-09-27T04:03:45.107+00:00,-40.85,96.3
2026-09-27T04:03:46.155+00:00,-49.2,84.5
2026-09-27T04:03:47.062+00:00,-60.62,68.4
2026-09-27T04:03:48.105+00:00,-55.63,75.4
2026-09-27T04:03:49.089+00:00,-57.33,73.0
2026-09-27T04:03:50.086+00:00,-57.56,72.8
2026-09-27T04:03:51.136+00:00,-55.55,75.6
2026-09-27T04:03:52.066+00:00,-61.48,67.3
2026-09-27T04:03:53.093+00:00,-62.17,66.3
2026-09-27T04:03:54.174+00:00,-60.57,68.5
2026-09-27T04:03:55.067+00:00,-58.06,72.1
2026-09-27T04:03:56.126+00:00,-56.86,73.8
2026-09-27T04:03:57.035+00:00,-58.71,71.1
2026-09-27T04:03:58.099+00:00,-56.69,73.9
2026-09-27T04:03:59.133+00:00,-57.62,72.6
2026-09-27T04:04:00.060+00:00,-60.04,69.2
2026-09-27T04:04:01.066+00:00,-60.23,69.0
2026-09-27T04:04:02.113+00:00,-63.78,64.0
2026-09-27T04:04:03.096+00:00,-53.13,79.0
2026-09-27T04:04:04.085+00:00,-55.13,76.2
2026-09-27T04:04:05.115+00:00,-57.35,73.0
2026-09-27T04:04:06.103+00:00,-55.0,76.3
2026-09-27T04:04:07.105+00:00,-37.78,100.7
2026-09-27T04:04:08.094+00:00,-25.59,117.8
2026-09-27T04:04:09.146+00:00,-23.59,120.6
2026-09-27T04:04:10.105+00:00,-24.23,119.8
2026-09-27T04:04:11.115+00:00,-22.47,122.3
2026-09-27T04:04:12.085+00:00,-24.79,119.1
2026-09-27T04:04:13.082+00:00,-22.28,122.6
2026-09-27T04:04:14.107+00:00,-19.25,126.8
2026-09-27T04:04:15.110+00:00,-24.84,118.9
2026-09-27T04:04:16.119+00:00,-25.65,117.8
2026-09-27T04:04:17.119+00:00,-27.59,115.0
2026-09-27T04:04:18.165+00:00,-26.4,116.7
2026-09-27T04:04:19.072+00:00,-29.77,112.0
2026-09-27T04:04:20.080+00:00,-32.95,107.5
2026-09-27T04:04:21.075+00:00,-25.27,118.4
2026-09-27T04:04:22.104+00:00,-25.86,117.5
2026-09-27T04:04:23.140+00:00,-27.03,115.8
2026-09-27T04:04:24.101+00:00,-25.53,118.0
2026-09-27T04:04:25.101+00:00,-24.72,119.1
2026-09-27T04:04:26.148+00:00,-22.28,122.6
2026-09-27T04:04:27.095+00:00,-20.25,125.4
2026-09-27T04:04:28.078+00:00,-24.27,119.8
2026-09-27T04:04:29.039+00:00,-24.96,118.8
2026-09-27T04:04:30.114+00:00,-26.39,116.7
2026-09-27T04:04:31.154+00:00,-26.07,117.2
2026-09-27T04:04:32.063+00:00,-26.05,117.2
2026-09-27T04:04:33.139+00:00,-26.16,117.1
2026-09-27T04:04:34.158+00:00,-20.01,125.7
2026-09-27T04:04:35.112+00:00,-19.77,126.1
2026-09-27T04:04:36.151+00:00,-22.64,122.0
2026-09-27T04:04:37.044+00:00,-23.53,120.8
2026-09-27T04:04:38.071+00:00,-25.05,118.7
2026-09-27T04:04:39.170+00:00,-24.73,119.1
2026-09-27T04:04:40.055+00:00,-28.92,113.1
2026-09-27T04:04:41.075+00:00,-24.62,119.2
2026-09-27T04:04:42.135+00:00,-19.87,126.0
2026-09-27T04:04:43.067+00:00,-21.38,123.9
2026-09-27T04:04:44.090+00:00,-23.86,120.4
2026-09-27T04:04:45.069+00:00,-20.09,125.6
2026-09-27T04:04:46.142+00:00,-23.19,121.3
2026-09-27T04:04:47.113+00:00,-26.54,116.5
2026-09-27T04:04:48.108+00:00,-24.37,119.6
2026-09-27T04:04:49.105+00:00,-23.12,121.3
2026-09-27T04:04:50.137+00:00,-25.63,117.8
2026-09-27T04:04:51.111+00:00,-26.51,116.5
2026-09-27T04:04:52.120+00:00,-27.17,115.7
2026-09-27T04:04:53.123+00:00,-23.54,120.8
2026-09-27T04:04:54.123+00:00,-20.91,124.4
2026-09-27T04:04:55.104+00:00,-20.68,124.9
2026-09-27T04:04:56.054+00:00,-25.3,118.2
2026-09-27T04:04:57.120+00:00,-25.33,118.2
2026-09-27T04:04:58.183+00:00,-27.0,115.8
2026-09-27T04:04:59.070+00:00,-22.85,121.8
2026-09-27T04:05:00.085+00:00,-25.32,118.2
2026-09-27T04:05:01.107+00:00,-26.56,116.5
2026-09-27T04:05:02.061+00:00,-24.54,119.4
2026-09-27T04:05:03.188+00:00,-20.97,124.4
2026-09-27T04:05:04.060+00:00,-22.25,122.6
2026-09-27T04:05:05.116+00:00,-24.49,119.5
2026-09-27T04:05:06.165+00:00,-25.42,118.1
2026-09-27T04:05:07.121+00:00,-20.87,124.6
2026-09-27T04:05:08.090+00:00,-24.4,119.5
2026-09-27T04:05:09.114+00:00,-22.32,122.5
2026-09-27T04:05:10.080+00:00,-21.44,123.7
2026-09-27T04:05:11.167+00:00,-23.32,121.1
2026-09-27T04:05:12.049+00:00,-23.62,120.6
2026-09-27T04:05:13.122+00:00,-22.62,122.0
2026-09-27T04:05:14.146+00:00,-26.45,116.7
2026-09-27T04:05:15.084+00:00,-27.55,115.1
2026-09-27T04:05:16.091+00:00,-25.73,117.7
2026-09-27T04:05:17.063+00:00,-22.89,121.6
2026-09-27T04:05:18.086+00:00,-20.92,124.4
2026-09-27T04:05:19.172+00:00,-27.19,115.7
2026-09-27T04:05:20.033+00:00,-20.73,124.7
2026-09-27T04:05:21.119+00:00,-23.39,120.9
2026-09-27T04:05:22.138+00:00,-20.78,124.7
2026-09-27T04:05:23.076+00:00,-18.85,127.4
2026-09-27T04:05:24.133+00:00,-19.7,126.1
2026-09-27T04:05:25.102+00:00,-25.42,118.1
2026-09-27T04:05:26.087+00:00,-24.26,119.8
2026-09-27T04:05:27.105+00:00,-21.18,124.2
2026-09-27T04:05:28.093+00:00,-22.77,121.9
2026-09-27T04:05:29.088+00:00,-27.13,115.7
2026-09-27T04:05:30.123+00:00,-23.62,120.6
2026-09-27T04:05:31.068+00:00,-22.63,122.0
2026-09-27T04:05:32.121+00:00,-25.53,118.0
2026-09-27T04:05:33.054+00:00,-30.12,111.5
2026-09-27T04:05:34.119+00:00,-28.28,114.1
2026-09-27T04:05:35.147+00:00,-30.02,111.6
2026-09-27T04:05:36.111+00:00,-29.82,111.9
2026-09-27T04:05:37.095+00:00,-26.07,117.2
2026-09-27T04:05:38.172+00:00,-33.85,106.2
2026-09-27T04:05:39.093+00:00,-23.13,121.3
2026-09-27T04:05:40.106+00:00,-21.97,123.0
2026-09-27T04:05:41.106+00:00,-20.19,125.6
2026-09-27T04:05:42.094+00:00,-22.88,121.8
2026-09-27T04:05:43.149+00:00,-21.16,124.2
2026-09-27T04:05:44.111+00:00,-18.89,127.3
2026-09-27T04:05:45.079+00:00,-18.03,128.5
2026-09-27T04:05:46.184+00:00,-20.89,124.4
2026-09-27T04:05:47.109+00:00,-21.15,124.2
2026-09-27T04:05:48.117+00:00,-20.08,125.7
2026-09-27T04:05:49.049+00:00,-21.01,124.3
2026-09-27T04:05:50.109+00:00,-18.62,127.7
2026-09-27T04:05:51.103+00:00,-18.32,128.1
2026-09-27T04:05:52.104+00:00,-17.75,129.0
2026-09-27T04:05:53.078+00:00,-20.41,125.2
2026-09-27T04:05:54.184+00:00,-21.68,123.5
2026-09-27T04:05:55.075+00:00,-23.77,120.5
2026-09-27T04:05:56.151+00:00,-23.1,121.3
2026-09-27T04:05:57.120+00:00,-27.4,115.3
2026-09-27T04:05:58.131+00:00,-21.41,123.7
2026-09-27T04:05:59.099+00:00,-20.85,124.6
2026-09-27T04:06:00.093+00:00,-25.0,118.7
2026-09-27T04:06:01.132+00:00,-25.56,118.0
2026-09-27T04:06:02.107+00:00,-22.8,121.8
2026-09-27T04:06:03.133+00:00,-24.59,119.2
2026-09-27T04:06:04.089+00:00,-25.23,118.4
2026-09-27T04:06:05.080+00:00,-24.15,119.9
2026-09-27T04:06:06.091+00:00,-21.43,123.7
2026-09-27T04:06:07.114+00:00,-23.89,120.2
2026-09-27T04:06:08.104+00:00,-23.94,120.2
2026-09-27T04:06:09.096+00:00,-20.97,124.4
2026-09-27T04:06:10.114+00:00,-23.7,120.5
2026-09-27T04:06:11.102+00:00,-22.48,122.3
2026-09-27T04:06:12.088+00:00,-26.89,116.0
2026-09-27T04:06:13.110+00:00,-32.12,108.6
2026-09-27T04:06:14.075+00:00,-33.19,107.2
2026-09-27T04:06:15.113+00:00,-27.66,115.0
2026-09-27T04:06:16.110+00:00,-22.55,122.2
2026-09-27T04:06:17.078+00:00,-21.49,123.7
2026-09-27T04:06:18.154+00:00,-26.89,116.0
2026-09-27T04:06:19.168+00:00,-23.8,120.4
2026-09-27T04:06:20.111+00:00,-21.94,123.0
2026-09-27T04:06:21.137+00:00,-20.16,125.6
2026-09-27T04:06:22.070+00:00,-19.76,126.1
2026-09-27T04:06:23.094+00:00,-21.9,123.0
2026-09-27T04:06:24.111+00:00,-26.6,116.4
2026-09-27T04:06:25.119+00:00,-22.72,121.9
2026-09-27T04:06:26.120+00:00,-22.76,121.9
2026-09-27T04:06:27.120+00:00,-22.52,122.2
2026-09-27T04:06:28.119+00:00,-28.75,113.4
2026-09-27T04:06:29.161+00:00,-20.46,125.2
2026-09-27T04:06:30.129+00:00,-22.42,122.3
2026-09-27T04:06:31.138+00:00,-25.18,118.5
2026-09-27T04:06:32.075+00:00,-23.72,120.5
2026-09-27T04:06:33.075+00:00,-22.52,122.2
2026-09-27T04:06:34.163+00:00,-23.58,120.8
2026-09-27T04:06:35.102+00:00,-27.68,115.0
2026-09-27T04:06:36.115+00:00,-21.55,123.6
2026-09-27T04:06:37.099+00:00,-26.6,116.4
2026-09-27T04:06:38.061+00:00,-26.52,116.5
2026-09-27T04:06:39.120+00:00,-22.97,121.6
2026-09-27T04:06:40.114+00:00,-22.03,122.9
2026-09-27T04:06:41.088+00:00,-21.91,123.0
2026-09-27T04:06:42.157+00:00,-26.11,117.1
2026-09-27T04:06:43.070+00:00,-21.01,124.3
2026-09-27T04:06:44.143+00:00,-22.2,122.6
2026-09-27T04:06:45.077+00:00,-26.37,116.8
2026-09-27T04:06:46.118+00:00,-22.36,122.5
2026-09-27T04:06:47.109+00:00,-20.25,125.4
2026-09-27T04:06:48.101+00:00,-24.94,118.8
2026-09-27T04:06:49.115+00:00,-28.41,113.9
2026-09-27T04:06:50.112+00:00,-25.85,117.5
2026-09-27T04:06:51.088+00:00,-23.53,120.8
2026-09-27T04:06:52.101+00:00,-24.9,118.8
2026-09-27T04:06:53.074+00:00,-23.57,120.8
2026-09-27T04:06:54.082+00:00,-22.2,122.6
2026-09-27T04:06:55.125+00:00,-24.26,119.8
2026-09-27T04:06:56.047+00:00,-26.23,117.0
2026-09-27T04:06:57.137+00:00,-21.48,123.7
2026-09-27T04:06:58.173+00:00,-27.56,115.1
2026-09-27T04:06:59.141+00:00,-27.3,115.4
2026-09-27T04:07:00.106+00:00,-25.53,118.0
2026-09-27T04:07:01.100+00:00,-31.2,109.9
2026-09-27T04:07:02.130+00:00,-26.84,116.1
2026-09-27T04:07:03.131+00:00,-31.4,109.6
2026-09-27T04:07:04.106+00:00,-26.16,117.1
2026-09-27T04:07:05.102+00:00,-25.24,118.4
2026-09-27T04:07:06.184+00:00,-21.75,123.3
2026-09-27T04:07:07.077+00:00,-24.17,119.9
2026-09-27T04:07:08.092+00:00,-24.64,119.2
2026-09-27T04:07:09.113+00:00,-24.13,119.9
2026-09-27T04:07:10.146+00:00,-28.72,113.4
2026-09-27T04:07:11.139+00:00,-22.45,122.3
2026-09-27T04:07:12.081+00:00,-26.24,117.0
2026-09-27T04:07:13.106+00:00,-24.77,119.1
2026-09-27T04:07:14.189+00:00,-27.46,115.3
2026-09-27T04:07:15.089+00:00,-29.89,111.7
2026-09-27T04:07:16.136+00:00,-26.02,117.2
2026-09-27T04:07:17.086+00:00,-25.8,117.5
2026-09-27T04:07:18.104+00:00,-23.62,120.6
2026-09-27T04:07:19.125+00:00,-21.77,123.3
2026-09-27T04:07:20.086+00:00,-24.27,119.8
2026-09-27T04:07:21.085+00:00,-23.82,120.4
2026-09-27T04:07:22.148+00:00,-23.81,120.4
2026-09-27T04:07:23.146+00:00,-22.88,121.8
2026-09-27T04:07:24.086+00:00,-28.13,114.3
2026-09-27T04:07:25.070+00:00,-21.23,124.0
2026-09-27T04:07:26.156+00:00,-20.03,125.7
2026-09-27T04:07:27.121+00:00,-26.46,116.7
2026-09-27T04:07:28.106+00:00,-23.08,121.5
2026-09-27T04:07:29.111+00:00,-22.15,122.8
2026-09-27T04:07:30.140+00:00,-22.12,122.8
2026-09-27T04:07:31.107+00:00,-21.66,123.5
2026-09-27T04:07:32.143+00:00,-19.14,127.0
2026-09-27T04:07:33.066+00:00,-23.28,121.2
2026-09-27T04:07:34.118+00:00,-27.19,115.7
2026-09-27T04:07:35.087+00:00,-25.83,117.5
2026-09-27T04:07:36.095+00:00,-29.8,111.9
2026-09-27T04:07:37.105+00:00,-22.95,121.6
2026-09-27T04:07:38.117+00:00,-23.71,120.5
2026-09-27T04:07:39.102+00:00,-23.29,121.2
2026-09-27T04:07:40.085+00:00,-23.89,120.2
2026-09-27T04:07:41.092+00:00,-28.47,113.9
2026-09-27T04:07:42.137+00:00,-26.13,117.1
2026-09-27T04:07:43.123+00:00,-31.93,108.9
2026-09-27T04:07:44.103+00:00,-27.13,115.7
2026-09-27T04:07:45.121+00:00,-30.77,110.6
2026-09-27T04:07:46.118+00:00,-32.69,107.8
2026-09-27T04:07:47.128+00:00,-35.63,103.7
2026-09-27T04:07:48.098+00:00,-37.15,101.6
2026-09-27T04:07:49.074+00:00,-37.66,100.9
2026-09-27T04:07:50.093+00:00,-39.77,97.9
2026-09-27T04:07:51.115+00:00,-38.28,100.0
2026-09-27T04:07:52.104+00:00,-45.38,90.0
2026-09-27T04:07:53.110+00:00,-43.43,92.7
2026-09-27T04:07:54.137+00:00,-43.4,92.7
2026-09-27T04:07:55.071+00:00,-40.94,96.2
2026-09-27T04:07:56.105+00:00,-45.8,89.3
2026-09-27T04:07:57.057+00:00,-48.06,86.2
2026-09-27T04:07:58.085+00:00,-48.23,85.9
2026-09-27T04:07:59.091+00:00,-45.81,89.3
2026-09-27T04:08:00.094+00:00,-40.38,97.1
2026-09-27T04:08:01.097+00:00,-40.29,97.1
2026-09-27T04:08:02.125+00:00,-44.79,90.7
2026-09-27T04:08:03.070+00:00,-43.99,91.8
2026-09-27T04:08:04.155+00:00,-43.47,92.7
2026-09-27T04:08:05.143+00:00,-40.67,96.6
2026-09-27T04:08:06.158+00:00,-36.34,102.7
2026-09-27T04:08:07.084+00:00,-31.94,108.9
2026-09-27T04:08:08.128+00:00,-43.28,93.0
2026-09-27T04:08:09.091+00:00,-47.16,87.5
2026-09-27T04:08:10.132+00:00,-47.95,86.3
2026-09-27T04:08:11.125+00:00,-46.56,88.3
2026-09-27T04:08:12.124+00:00,-45.47,89.9
2026-09-27T04:08:13.095+00:00,-43.19,93.1
2026-09-27T04:08:14.138+00:00,-46.44,88.4
2026-09-27T04:08:15.354+00:00,-48.17,86.0
2026-09-27T04:08:16.065+00:00,-45.1,90.3
2026-09-27T04:08:17.098+00:00,-44.95,90.6
2026-09-27T04:08:18.149+00:00,-42.66,93.8
2026-09-27T04:08:19.117+00:00,-40.81,96.3
2026-09-27T04:08:20.112+00:00,-40.44,96.9
2026-09-27T04:08:21.129+00:00,-36.74,102.1
2026-09-27T04:08:22.116+00:00,-44.54,91.1
2026-09-27T04:08:23.084+00:00,-48.4,85.6
2026-09-27T04:08:24.060+00:00,-48.16,86.0
2026-09-27T04:08:25.082+00:00,-48.03,86.2
2026-09-27T04:08:26.129+00:00,-47.58,86.9
2026-09-27T04:08:27.099+00:00,-47.25,87.3
2026-09-27T04:08:28.170+00:00,-47.39,87.0
2026-09-27T04:08:29.063+00:00,-47.98,86.3
2026-09-27T04:08:30.077+00:00,-48.12,86.0
2026-09-27T04:08:31.076+00:00,-47.69,86.6
2026-09-27T04:08:32.068+00:00,-49.54,84.1
2026-09-27T04:08:33.064+00:00,-47.58,86.9
2026-09-27T04:08:34.123+00:00,-50.45,82.8
2026-09-27T04:08:35.132+00:00,-51.13,81.8
2026-09-27T04:08:36.116+00:00,-45.17,90.3
2026-09-27T04:08:37.098+00:00,-42.22,94.4
2026-09-27T04:08:38.096+00:00,-43.23,93.0
2026-09-27T04:08:39.082+00:00,-39.74,97.9
2026-09-27T04:08:40.113+00:00,-37.04,101.7
2026-09-27T04:08:41.076+00:00,-36.93,101.9
2026-09-27T04:08:42.156+00:00,-36.14,103.0
2026-09-27T04:08:43.080+00:00,-29.52,112.3
2026-09-27T04:08:44.110+00:00,-28.54,113.7
2026-09-27T04:08:45.100+00:00,-28.67,113.6
2026-09-27T04:08:46.123+00:00,-31.38,109.8
2026-09-27T04:08:47.076+00:00,-37.84,100.6
2026-09-27T04:08:48.115+00:00,-41.54,95.4
2026-09-27T04:08:49.079+00:00,-40.12,97.3
2026-09-27T04:08:50.148+00:00,-41.69,95.1
2026-09-27T04:08:51.088+00:00,-42.42,94.1
2026-09-27T04:08:52.108+00:00,-43.36,92.8
2026-09-27T04:08:53.102+00:00,-43.68,92.4
2026-09-27T04:08:54.124+00:00,-45.12,90.3
2026-09-27T04:08:55.132+00:00,-46.27,88.7
2026-09-27T04:08:56.066+00:00,-45.83,89.3
2026-09-27T04:08:57.079+00:00,-45.23,90.1
2026-09-27T04:08:58.152+00:00,-41.06,96.1
2026-09-27T04:08:59.077+00:00,-44.84,90.7
2026-09-27T04:09:00.107+00:00,-45.39,89.9
2026-09-27T04:09:01.063+00:00,-44.57,91.1
2026-09-27T04:09:02.108+00:00,-46.0,89.0
2026-09-27T04:09:03.163+00:00,-47.86,86.5
2026-09-27T04:09:04.073+00:00,-45.03,90.4
2026-09-27T04:09:05.111+00:00,-41.66,95.2
2026-09-27T04:09:06.156+00:00,-39.15,98.7
2026-09-27T04:09:07.114+00:00,-36.52,102.4
2026-09-27T04:09:08.082+00:00,-27.04,115.8
2026-09-27T04:09:09.096+00:00,-29.33,112.6
2026-09-27T04:09:10.066+00:00,-32.89,107.5
2026-09-27T04:09:11.203+00:00,-31.63,109.3
2026-09-27T04:09:12.069+00:00,-24.93,118.8
2026-09-27T04:09:13.112+00:00,-28.1,114.3
2026-09-27T04:09:14.153+00:00,-25.38,118.2
2026-09-27T04:09:15.122+00:00,-27.74,114.8
2026-09-27T04:09:16.070+00:00,-32.31,108.3
2026-09-27T04:09:17.094+00:00,-31.38,109.8
2026-09-27T04:09:18.092+00:00,-33.36,106.9
2026-09-27T04:09:19.097+00:00,-36.97,101.9
2026-09-27T04:09:20.080+00:00,-38.91,99.0
2026-09-27T04:09:21.152+00:00,-31.73,109.2
2026-09-27T04:09:22.144+00:00,-40.07,97.5
2026-09-27T04:09:23.111+00:00,-38.97,99.0
2026-09-27T04:09:24.094+00:00,-35.42,104.0
2026-09-27T04:09:25.102+00:00,-35.88,103.4
2026-09-27T04:09:26.142+00:00,-43.21,93.0
2026-09-27T04:09:27.092+00:00,-43.16,93.1
2026-09-27T04:09:28.108+00:00,-43.46,92.7
2026-09-27T04:09:29.073+00:00,-40.21,97.2
2026-09-27T04:09:30.169+00:00,-36.65,102.3
2026-09-27T04:09:31.114+00:00,-45.16,90.3
2026-09-27T04:09:32.085+00:00,-44.06,91.8
2026-09-27T04:09:33.092+00:00,-43.89,92.0
2026-09-27T04:09:34.128+00:00,-47.06,87.6
2026-09-27T04:09:35.128+00:00,-45.77,89.4
2026-09-27T04:09:36.123+00:00,-45.43,89.9
2026-09-27T04:09:37.069+00:00,-47.63,86.7
2026-09-27T04:09:38.156+00:00,-54.5,77.0
2026-09-27T04:09:39.129+00:00,-52.47,80.0
2026-09-27T04:09:40.142+00:00,-54.34,77.3
2026-09-27T04:09:41.097+00:00,-57.75,72.5
2026-09-27T04:09:42.149+00:00,-48.22,85.9
2026-09-27T04:09:43.093+00:00,-42.97,93.4
2026-09-27T04:09:44.105+00:00,-43.76,92.3
2026-09-27T04:09:45.119+00:00,-45.28,90.1
2026-09-27T04:09:46.143+00:00,-53.58,78.4
2026-09-27T04:09:47.153+00:00,-54.82,76.6
2026-09-27T04:09:48.104+00:00,-50.96,82.1
2026-09-27T04:09:49.051+00:00,-47.26,87.3
2026-09-27T04:09:50.068+00:00,-37.33,101.3
2026-09-27T04:09:51.106+00:00,-43.84,92.1
2026-09-27T04:09:52.058+00:00,-43.5,92.5
2026-09-27T04:09:53.091+00:00,-49.74,83.8
2026-09-27T04:09:54.114+00:00,-46.94,87.7
2026-09-27T04:09:55.137+00:00,-45.37,90.0
2026-09-27T04:09:56.193+00:00,-49.33,84.3
2026-09-27T04:09:57.039+00:00,-52.52,79.8
2026-09-27T04:09:58.085+00:00,-54.95,76.4
2026-09-27T04:09:59.079+00:00,-56.91,73.6
2026-09-27T04:10:00.113+00:00,-60.54,68.5
2026-09-27T04:10:01.067+00:00,-56.09,74.7
2026-09-27T04:10:02.141+00:00,-56.37,74.5
2026-09-27T04:10:03.141+00:00,-55.95,75.0
2026-09-27T04:10:04.095+00:00,-53.12,79.0
2026-09-27T04:10:05.089+00:00,-55.03,76.3
2026-09-27T04:10:06.099+00:00,-53.2,78.8
2026-09-27T04:10:07.126+00:00,-37.57,101.0
2026-09-27T04:10:08.043+00:00,-39.48,98.3
2026-09-27T04:10:09.131+00:00,-43.03,93.2
2026-09-27T04:10:10.181+00:00,-49.66,83.9
2026-09-27T04:10:11.117+00:00,-49.23,84.5
2026-09-27T04:10:12.068+00:00,-45.2,90.1
2026-09-27T04:10:13.107+00:00,-50.31,82.9
2026-09-27T04:10:14.105+00:00,-29.25,112.7
2026-09-27T04:10:15.122+00:00,-54.47,77.1
2026-09-27T04:10:16.106+00:00,-54.38,77.3
2026-09-27T04:10:17.124+00:00,-54.72,76.7
2026-09-27T04:10:18.162+00:00,-59.37,70.2
2026-09-27T04:10:19.081+00:00,-42.18,94.5
2026-09-27T04:10:20.116+00:00,-34.82,104.8
2026-09-27T04:10:21.087+00:00,-36.96,101.9
2026-09-27T04:10:22.093+00:00,-36.62,102.3
2026-09-27T04:10:23.134+00:00,-32.98,107.5
2026-09-27T04:10:24.068+00:00,-31.53,109.5
2026-09-27T04:10:25.158+00:00,-36.12,103.0
2026-09-27T04:10:26.171+00:00,-41.91,94.8
2026-09-27T04:10:27.118+00:00,-36.7,102.1
2026-09-27T04:10:28.129+00:00,-32.83,107.6
2026-09-27T04:10:29.081+00:00,-35.88,103.4
2026-09-27T04:10:30.118+00:00,-37.72,100.7
2026-09-27T04:10:31.148+00:00,-45.01,90.4
2026-09-27T04:10:32.097+00:00,-30.16,111.5
2026-09-27T04:10:33.105+00:00,-31.24,109.9
2026-09-27T04:10:34.179+00:00,-37.19,101.6
2026-09-27T04:10:35.128+00:00,-43.94,92.0
2026-09-27T04:10:36.083+00:00,-36.88,102.0
2026-09-27T04:10:37.108+00:00,-35.67,103.7
2026-09-27T04:10:38.174+00:00,-35.81,103.4
2026-09-27T04:10:39.111+00:00,-35.25,104.3
2026-09-27T04:10:40.055+00:00,-41.78,95.1
2026-09-27T04:10:41.156+00:00,-42.21,94.4
2026-09-27T04:10:42.168+00:00,-24.85,118.9
2026-09-27T04:10:43.086+00:00,-27.85,114.7
2026-09-27T04:10:44.149+00:00,-31.88,109.1
2026-09-27T04:10:45.116+00:00,-36.47,102.6
2026-09-27T04:10:46.128+00:00,-37.28,101.4
2026-09-27T04:10:47.138+00:00,-34.92,104.7
2026-09-27T04:10:48.109+00:00,-22.77,121.9
2026-09-27T04:10:49.153+00:00,-26.13,117.1
2026-09-27T04:10:50.183+00:00,-31.1,110.0
2026-09-27T04:10:51.123+00:00,-36.72,102.1
2026-09-27T04:10:52.141+00:00,-43.33,92.8
2026-09-27T04:10:53.081+00:00,-34.13,105.8
2026-09-27T04:10:54.106+00:00,-36.72,102.1
2026-09-27T04:10:55.103+00:00,-38.13,100.2
2026-09-27T04:10:56.055+00:00,-37.34,101.3
2026-09-27T04:10:57.115+00:00,-27.63,115.0
2026-09-27T04:10:58.109+00:00,-23.46,120.9
2026-09-27T04:10:59.113+00:00,-25.48,118.1
2026-09-27T04:11:00.103+00:00,-23.16,121.3
2026-09-27T04:11:01.039+00:00,-23.79,120.5
2026-09-27T04:11:02.076+00:00,-24.96,118.8
2026-09-27T04:11:03.083+00:00,-23.79,120.5
2026-09-27T04:11:04.090+00:00,-23.62,120.6
2026-09-27T04:11:05.110+00:00,-23.24,121.2
2026-09-27T04:11:06.137+00:00,-26.33,116.8
2026-09-27T04:11:07.130+00:00,-26.98,116.0
2026-09-27T04:11:08.119+00:00,-29.12,112.9
2026-09-27T04:11:09.079+00:00,-23.98,120.2
2026-09-27T04:11:10.145+00:00,-25.84,117.5
2026-09-27T04:11:11.080+00:00,-26.24,117.0
2026-09-27T04:11:12.067+00:00,-26.46,116.7
2026-09-27T04:11:13.092+00:00,-25.29,118.4
2026-09-27T04:11:14.167+00:00,-26.77,116.3
2026-09-27T04:11:15.086+00:00,-23.74,120.5
2026-09-27T04:11:16.106+00:00,-23.25,121.2
2026-09-27T04:11:17.060+00:00,-22.98,121.6
2026-09-27T04:11:18.175+00:00,-23.83,120.4
2026-09-27T04:11:19.078+00:00,-23.07,121.5
2026-09-27T04:11:20.117+00:00,-25.39,118.1
2026-09-27T04:11:21.161+00:00,-24.47,119.5
2026-09-27T04:11:22.136+00:00,-22.56,122.2
2026-09-27T04:11:23.113+00:00,-23.74,120.5
2026-09-27T04:11:24.100+00:00,-21.76,123.3
2026-09-27T04:11:25.102+00:00,-19.11,127.0
2026-09-27T04:11:26.063+00:00,-23.94,120.2
2026-09-27T04:11:27.135+00:00,-22.94,121.6
2026-09-27T04:11:28.111+00:00,-23.43,120.9
2026-09-27T04:11:29.079+00:00,-26.55,116.5
2026-09-27T04:11:30.124+00:00,-25.73,117.7
2026-09-27T04:11:31.148+00:00,-24.26,119.8
2026-09-27T04:11:32.101+00:00,-24.54,119.4
2026-09-27T04:11:33.054+00:00,-22.01,122.9
2026-09-27T04:11:34.134+00:00,-23.3,121.1
2026-09-27T04:11:35.112+00:00,-28.84,113.3
2026-09-27T04:11:36.048+00:00,-28.73,113.4
2026-09-27T04:11:37.113+00:00,-25.91,117.4
2026-09-27T04:11:38.166+00:00,-23.8,120.4
2026-09-27T04:11:39.154+00:00,-24.95,118.8
2026-09-27T04:11:40.112+00:00,-25.79,117.7
2026-09-27T04:11:41.061+00:00,-22.89,121.6
2026-09-27T04:11:42.132+00:00,-22.71,121.9
2026-09-27T04:11:43.081+00:00,-22.92,121.6
2026-09-27T04:11:44.058+00:00,-24.25,119.8
2026-09-27T04:11:45.073+00:00,-22.32,122.5
2026-09-27T04:11:46.126+00:00,-24.49,119.5
2026-09-27T04:11:47.119+00:00,-23.61,120.6
2026-09-27T04:11:48.137+00:00,-22.58,122.2
2026-09-27T04:11:49.058+00:00,-22.36,122.5
2026-09-27T04:11:50.083+00:00,-22.45,122.3
2026-09-27T04:11:51.113+00:00,-23.93,120.2
2026-09-27T04:11:52.057+00:00,-24.89,118.8
2026-09-27T04:11:53.075+00:00,-28.64,113.6
2026-09-27T04:11:54.147+00:00,-28.8,113.3
2026-09-27T04:11:55.175+00:00,-29.97,111.7
2026-09-27T04:11:56.111+00:00,-26.55,116.5
2026-09-27T04:11:57.074+00:00,-26.17,117.1
2026-09-27T04:11:58.116+00:00,-25.69,117.7
2026-09-27T04:11:59.095+00:00,-24.13,119.9
2026-09-27T04:12:00.047+00:00,-25.45,118.1
2026-09-27T04:12:01.076+00:00,-23.3,121.1
2026-09-27T04:12:02.173+00:00,-20.3,125.3
2026-09-27T04:12:03.129+00:00,-25.38,118.2
2026-09-27T04:12:04.117+00:00,-27.31,115.4
2026-09-27T04:12:05.099+00:00,-26.94,116.0
2026-09-27T04:12:06.111+00:00,-24.46,119.5
2026-09-27T04:12:07.121+00:00,-26.07,117.2
2026-09-27T04:12:08.077+00:00,-21.79,123.3
2026-09-27T04:12:09.113+00:00,-23.9,120.2
2026-09-27T04:12:10.154+00:00,-24.05,120.1
2026-09-27T04:12:11.177+00:00,-24.31,119.6
2026-09-27T04:12:12.120+00:00,-25.81,117.5
2026-09-27T04:12:13.111+00:00,-24.37,119.6
2026-09-27T04:12:14.073+00:00,-24.15,119.9
2026-09-27T04:12:15.091+00:00,-21.92,123.0
2026-09-27T04:12:16.072+00:00,-21.69,123.3
2026-09-27T04:12:17.130+00:00,-20.86,124.6
2026-09-27T04:12:18.116+00:00,-19.06,127.1
2026-09-27T04:12:19.152+00:00,-24.41,119.5
2026-09-27T04:12:20.100+00:00,-25.76,117.7
2026-09-27T04:12:21.104+00:00,-24.88,118.9
2026-09-27T04:12:22.110+00:00,-28.33,114.0
2026-09-27T04:12:23.074+00:00,-22.89,121.6
2026-09-27T04:12:24.067+00:00,-20.29,125.4
2026-09-27T04:12:25.094+00:00,-21.84,123.2
2026-09-27T04:12:26.123+00:00,-22.94,121.6
2026-09-27T04:12:27.113+00:00,-23.35,121.1
2026-09-27T04:12:28.149+00:00,-22.24,122.6
2026-09-27T04:12:29.066+00:00,-27.43,115.3
2026-09-27T04:12:30.187+00:00,-27.01,115.8
2026-09-27T04:12:31.107+00:00,-29.21,112.7
2026-09-27T04:12:32.073+00:00,-27.4,115.3
2026-09-27T04:12:33.087+00:00,-28.74,113.4
2026-09-27T04:12:34.108+00:00,-28.41,113.9
2026-09-27T04:12:35.146+00:00,-26.04,117.2
2026-09-27T04:12:36.099+00:00,-22.01,122.9
2026-09-27T04:12:37.102+00:00,-26.85,116.1
2026-09-27T04:12:38.137+00:00,-24.13,119.9
2026-09-27T04:12:39.108+00:00,-23.06,121.5
2026-09-27T04:12:40.060+00:00,-19.61,126.3
2026-09-27T04:12:41.134+00:00,-23.16,121.3
2026-09-27T04:12:42.157+00:00,-23.81,120.4
2026-09-27T04:12:43.148+00:00,-24.51,119.4
2026-09-27T04:12:44.113+00:00,-23.53,120.8
2026-09-27T04:12:45.067+00:00,-19.34,126.7
2026-09-27T04:12:46.119+00:00,-19.69,126.1
2026-09-27T04:12:47.100+00:00,-20.43,125.2
2026-09-27T04:12:48.070+00:00,-18.95,127.3
2026-09-27T04:12:49.146+00:00,-20.65,124.9
2026-09-27T04:12:50.127+00:00,-25.15,118.5
2026-09-27T04:12:51.145+00:00,-26.1,117.1
2026-09-27T04:12:52.106+00:00,-24.23,119.8
2026-09-27T04:12:53.036+00:00,-25.64,117.8
2026-09-27T04:12:54.157+00:00,-23.81,120.4
2026-09-27T04:12:55.129+00:00,-23.4,120.9
2026-09-27T04:12:56.083+00:00,-24.48,119.5
2026-09-27T04:12:57.166+00:00,-24.24,119.8
2026-09-27T04:12:58.100+00:00,-28.01,114.4
2026-09-27T04:12:59.119+00:00,-24.54,119.4
2026-09-27T04:13:00.092+00:00,-19.51,126.4
2026-09-27T04:13:01.091+00:00,-24.8,118.9
2026-09-27T04:13:02.079+00:00,-26.02,117.2
2026-09-27T04:13:03.144+00:00,-26.64,116.4
2026-09-27T04:13:04.046+00:00,-27.19,115.7
2026-09-27T04:13:05.153+00:00,-22.13,122.8
2026-09-27T04:13:06.107+00:00,-22.04,122.9
2026-09-27T04:13:07.076+00:00,-22.42,122.3
2026-09-27T04:13:08.078+00:00,-23.61,120.6
2026-09-27T04:13:09.119+00:00,-21.84,123.2
2026-09-27T04:13:10.123+00:00,-25.69,117.7
2026-09-27T04:13:11.100+00:00,-21.84,123.2
2026-09-27T04:13:12.058+00:00,-21.88,123.2
2026-09-27T04:13:13.101+00:00,-20.79,124.7
2026-09-27T04:13:14.129+00:00,-26.0,117.2
2026-09-27T04:13:15.107+00:00,-27.61,115.0
2026-09-27T04:13:16.155+00:00,-24.07,120.1
2026-09-27T04:13:17.155+00:00,-28.13,114.3
2026-09-27T04:13:18.084+00:00,-26.36,116.8
2026-09-27T04:13:19.104+00:00,-28.77,113.4
2026-09-27T04:13:20.107+00:00,-28.49,113.9
2026-09-27T04:13:21.154+00:00,-24.72,119.1
2026-09-27T04:13:22.107+00:00,-22.64,122.0
2026-09-27T04:13:23.179+00:00,-22.1,122.8
2026-09-27T04:13:24.100+00:00,-24.17,119.9
2026-09-27T04:13:25.128+00:00,-22.39,122.3
2026-09-27T04:13:26.097+00:00,-22.91,121.6
2026-09-27T04:13:27.134+00:00,-22.28,122.6
2026-09-27T04:13:28.058+00:00,-22.48,122.3
2026-09-27T04:13:29.122+00:00,-23.41,120.9
2026-09-27T04:13:30.102+00:00,-26.27,117.0
2026-09-27T04:13:31.068+00:00,-23.73,120.5
2026-09-27T04:13:32.079+00:00,-23.18,121.3
2026-09-27T04:13:33.060+00:00,-20.27,125.4
2026-09-27T04:13:34.104+00:00,-20.58,125.0
2026-09-27T04:13:35.102+00:00,-21.84,123.2
2026-09-27T04:13:36.100+00:00,-22.91,121.6
2026-09-27T04:13:37.111+00:00,-25.47,118.1
2026-09-27T04:13:38.102+00:00,-24.76,119.1
2026-09-27T04:13:39.122+00:00,-26.42,116.7
2026-09-27T04:13:40.093+00:00,-25.53,118.0
2026-09-27T04:13:41.084+00:00,-22.87,121.8
2026-09-27T04:13:42.131+00:00,-20.8,124.6
2026-09-27T04:13:43.090+00:00,-23.21,121.2
2026-09-27T04:13:44.092+00:00,-23.39,120.9
2026-09-27T04:13:45.092+00:00,-19.29,126.8
2026-09-27T04:13:46.128+00:00,-21.55,123.6
2026-09-27T04:13:47.132+00:00,-25.76,117.7
2026-09-27T04:13:48.107+00:00,-27.16,115.7
2026-09-27T04:13:49.088+00:00,-26.59,116.4
2026-09-27T04:13:50.111+00:00,-25.25,118.4
2026-09-27T04:13:51.098+00:00,-28.79,113.4
2026-09-27T04:13:52.103+00:00,-26.0,117.2
2026-09-27T04:13:53.148+00:00,-21.69,123.3
2026-09-27T04:13:54.104+00:00,-23.56,120.8
2026-09-27T04:13:55.102+00:00,-22.5,122.2
2026-09-27T04:13:56.107+00:00,-22.83,121.8
2026-09-27T04:13:57.086+00:00,-22.26,122.6
2026-09-27T04:13:58.075+00:00,-24.32,119.6
2026-09-27T04:13:59.146+00:00,-22.84,121.8
2026-09-27T04:14:00.105+00:00,-24.6,119.2
2026-09-27T04:14:01.100+00:00,-19.89,125.9
2026-09-27T04:14:02.120+00:00,-21.34,123.9
2026-09-27T04:14:03.126+00:00,-18.1,128.4
2026-09-27T04:14:04.091+00:00,-20.1,125.6
2026-09-27T04:14:05.116+00:00,-22.4,122.3
2026-09-27T04:14:06.102+00:00,-23.04,121.5
2026-09-27T04:14:07.200+00:00,-21.7,123.3
2026-09-27T04:14:08.096+00:00,-25.58,118.0
2026-09-27T04:14:09.123+00:00,-24.11,119.9
2026-09-27T04:14:10.121+00:00,-22.7,121.9
2026-09-27T04:14:11.140+00:00,-24.57,119.4
2026-09-27T04:14:12.131+00:00,-21.52,123.6
2026-09-27T04:14:13.075+00:00,-15.64,131.9
2026-09-27T04:14:14.122+00:00,-23.12,121.3
2026-09-27T04:14:15.125+00:00,-29.25,112.7
2026-09-27T04:14:16.046+00:00,-28.67,113.6
2026-09-27T04:14:17.153+00:00,-24.79,119.1
2026-09-27T04:14:18.134+00:00,-26.9,116.0
2026-09-27T04:14:19.155+00:00,-24.91,118.8
2026-09-27T04:14:20.107+00:00,-25.36,118.2
2026-09-27T04:14:21.094+00:00,-21.61,123.5
2026-09-27T04:14:22.139+00:00,-25.8,117.5
2026-09-27T04:14:23.095+00:00,-26.33,116.8
2026-09-27T04:14:24.087+00:00,-26.05,117.2
2026-09-27T04:14:25.111+00:00,-20.19,125.6
2026-09-27T04:14:26.095+00:00,-22.94,121.6
2026-09-27T04:14:27.109+00:00,-22.35,122.5
2026-09-27T04:14:28.109+00:00,-24.43,119.5
2026-09-27T04:14:29.107+00:00,-25.63,117.8
2026-09-27T04:14:30.094+00:00,-22.39,122.3
2026-09-27T04:14:31.105+00:00,-25.36,118.2
2026-09-27T04:14:32.062+00:00,-26.16,117.1
2026-09-27T04:14:33.102+00:00,-25.78,117.7
2026-09-27T04:14:34.132+00:00,-27.17,115.7
2026-09-27T04:14:35.115+00:00,-25.19,118.5
2026-09-27T04:14:36.130+00:00,-24.05,120.1
2026-09-27T04:14:37.141+00:00,-23.23,121.2
2026-09-27T04:14:38.116+00:00,-22.93,121.6
2026-09-27T04:14:39.093+00:00,-26.89,116.0
2026-09-27T04:14:40.060+00:00,-26.52,116.5
2026-09-27T04:14:41.076+00:00,-26.73,116.3
2026-09-27T04:14:42.108+00:00,-24.48,119.5
2026-09-27T04:14:43.119+00:00,-25.56,118.0
2026-09-27T04:14:44.117+00:00,-24.37,119.6
2026-09-27T04:14:45.121+00:00,-25.55,118.0
2026-09-27T04:14:46.074+00:00,-25.1,118.5
2026-09-27T04:14:47.159+00:00,-24.19,119.9
2026-09-27T04:14:48.066+00:00,-25.92,117.4
2026-09-27T04:14:49.087+00:00,-23.93,120.2
2026-09-27T04:14:50.131+00:00,-26.11,117.1
2026-09-27T04:14:51.157+00:00,-26.86,116.1
2026-09-27T04:14:52.163+00:00,-27.01,115.8
2026-09-27T04:14:53.111+00:00,-27.51,115.1
2026-09-27T04:14:54.140+00:00,-29.19,112.9
2026-09-27T04:14:55.147+00:00,-29.02,113.0
2026-09-27T04:14:56.106+00:00,-30.6,110.7
2026-09-27T04:14:57.227+00:00,-36.95,101.9
2026-09-27T04:14:58.127+00:00,-34.57,105.2
2026-09-27T04:14:59.094+00:00,-37.49,101.0
2026-09-27T04:15:00.107+00:00,-45.08,90.4
2026-09-27T04:15:01.100+00:00,-50.67,82.5
2026-09-27T04:15:02.071+00:00,-47.68,86.7
2026-09-27T04:15:03.088+00:00,-46.62,88.2
2026-09-27T04:15:04.061+00:00,-52.66,79.7
2026-09-27T04:15:05.131+00:00,-55.39,75.7
2026-09-27T04:15:06.092+00:00,-56.06,74.9
2026-09-27T04:15:07.227+00:00,-62.39,65.8
2026-09-27T04:15:08.100+00:00,-58.04,72.1
2026-09-27T04:15:09.095+00:00,-51.99,80.5
2026-09-27T04:15:10.145+00:00,-57.17,73.3
2026-09-27T04:15:11.155+00:00,-54.41,77.1
2026-09-27T04:15:12.081+00:00,-59.13,70.5
2026-09-27T04:15:13.115+00:00,-59.85,69.5
2026-09-27T04:15:14.124+00:00,-56.52,74.2
2026-09-27T04:15:15.200+00:00,-59.74,69.7
2026-09-27T04:15:16.095+00:00,-59.63,69.8
2026-09-27T04:15:17.178+00:00,-62.68,65.6
2026-09-27T04:15:18.064+00:00,-64.46,63.0
2026-09-27T04:15:19.104+00:00,-64.66,62.7
2026-09-27T04:15:20.104+00:00,-61.46,67.3
2026-09-27T04:15:21.114+00:00,-57.78,72.5
2026-09-27T04:15:22.142+00:00,-61.49,67.1
2026-09-27T04:15:23.084+00:00,-53.48,78.6
2026-09-27T04:15:24.092+00:00,-51.63,81.1
2026-09-27T04:15:25.061+00:00,-52.34,80.1
2026-09-27T04:15:26.119+00:00,-62.04,66.4
2026-09-27T04:15:27.107+00:00,-54.84,76.6
2026-09-27T04:15:28.083+00:00,-57.45,72.9
2026-09-27T04:15:29.103+00:00,-53.51,78.4
2026-09-27T04:15:30.129+00:00,-47.64,86.7
2026-09-27T04:15:31.143+00:00,-38.68,99.5
2026-09-27T04:15:32.095+00:00,-25.79,117.7
2026-09-27T04:15:33.067+00:00,-33.42,106.8
2026-09-27T04:15:34.248+00:00,-36.44,102.6
2026-09-27T04:15:35.089+00:00,-31.97,108.9
2026-09-27T04:15:36.093+00:00,-40.05,97.5
2026-09-27T04:15:37.119+00:00,-33.47,106.8
2026-09-27T04:15:38.086+00:00,-50.05,83.4
2026-09-27T04:15:39.161+00:00,-60.39,68.7
2026-09-27T04:15:40.106+00:00,-41.08,96.1
2026-09-27T04:15:41.092+00:00,-38.13,100.2
2026-09-27T04:15:42.160+00:00,-44.18,91.7
2026-09-27T04:15:43.090+00:00,-32.95,107.5
2026-09-27T04:15:44.063+00:00,-32.99,107.4
2026-09-27T04:15:45.094+00:00,-30.84,110.5
2026-09-27T04:15:46.173+00:00,-37.2,101.4
2026-09-27T04:15:47.170+00:00,-54.8,76.6
2026-09-27T04:15:48.119+00:00,-53.36,78.7
2026-09-27T04:15:49.092+00:00,-54.45,77.1
2026-09-27T04:15:50.084+00:00,-60.06,69.2
2026-09-27T04:15:51.098+00:00,-42.99,93.2
2026-09-27T04:15:52.081+00:00,-54.15,77.6
2026-09-27T04:15:53.174+00:00,-46.07,89.0
2026-09-27T04:15:54.143+00:00,-42.5,93.9
2026-09-27T04:15:55.155+00:00,-49.48,84.2
2026-09-27T04:15:56.093+00:00,-59.7,69.7
2026-09-27T04:15:57.125+00:00,-64.05,63.6
2026-09-27T04:15:58.149+00:00,-45.69,89.4
2026-09-27T04:15:59.113+00:00,-62.88,65.3
2026-09-27T04:16:00.121+00:00,-64.76,62.6
2026-09-27T04:16:01.145+00:00,-64.3,63.2
2026-09-27T04:16:02.141+00:00,-62.76,65.4
2026-09-27T04:16:03.081+00:00,-40.69,96.5
2026-09-27T04:16:04.140+00:00,-38.27,100.0
2026-09-27T04:16:05.122+00:00,-34.43,105.4
2026-09-27T04:16:06.146+00:00,-51.53,81.2
2026-09-27T04:16:07.089+00:00,-65.17,62.0
2026-09-27T04:16:08.057+00:00,-55.52,75.6
2026-09-27T04:16:09.132+00:00,-64.23,63.3
